"N","ncomp","R.cal","R.val","SEC","SECV","Bias.val","RPD.val"
50,7,0.950686631937723,0.907594108144084,0.318350032842949,0.438042707668553,0.0277311362843467,2.36700578706455
