"N","ncomp","R.cal","R.val","SEC","SECV","Bias.val","RPD.val"
50,4,0.926408592541869,0.857306436373257,0.386470696852103,0.533958726910583,0.00660186032073586,1.94181604640487
