"N","ncomp","R.cal","R.val","SEC","SECV","Bias.val","RPD.val"
50,4,0.922542910257078,0.851692207833415,0.396093231339669,0.543558457508951,0.0150482598569297,1.9075218308342
