"N","ncomp","R.cal","R.val","SEC","SECV","Bias.val","RPD.val"
50,8,0.919328636110778,0.874508807534922,0.403890077280961,0.504344303094044,0.0050750405932742,2.05583689093352
