"N","ncomp","R.cal","R.val","SEC","SECV","Bias.val","RPD.val"
50,8,0.919668936126299,0.874717688901883,0.403073030225239,0.503953264780127,0.0057435213496808,2.05743210034617
