"N","ncomp","R.cal","R.val","SEC","SECV","Bias.val","RPD.val"
50,8,0.91973012930736,0.874718115592842,0.402925899914901,0.503959900202029,0.00578626386811269,2.05740501102813
