"N","ncomp","R.cal","R.val","SEC","SECV","Bias.val","RPD.val"
50,7,0.880433445216402,0.814679266981513,0.486701465130956,0.60498754587672,-0.00883555434813573,1.71383631134147
