"N","ncomp","R.cal","R.val","SEC","SECV","Bias.val","RPD.val"
50,8,0.894496448721717,0.811454499347593,0.458890692658408,0.613721684822404,0.0240237415764496,1.689445964962
