"N","ncomp","R.cal","R.val","SEC","SECV","Bias.val","RPD.val","N.test","R.test","SEP","Bias.test","RPD.test"
50,8,0.894496448721717,0.811454499347593,0.458890692658408,0.613721684822404,0.0240237415764496,1.689445964962,24,0.555989289489412,1.00635728217033,0.140498134658989,1.21347532135949
