"N","ncomp","R.cal","R.val","SEC","SECV","Bias.val","RPD.val","N.test","R.test","SEP","Bias.test","RPD.test"
50,4,0.920042635115556,0.893618466456915,0.402173531797375,0.465654529608476,0.00754959684756912,2.22664992629767,24,0.790452048506828,0.773812634838384,0.249147321344752,1.57814653238269
