"N","ncomp","R.cal","R.val","SEC","SECV","Bias.val","RPD.val","N.test","R.test","SEP","Bias.test","RPD.test"
50,7,0.918921588725876,0.869730164808504,0.404864820668289,0.513765763899782,0.00899918019464955,2.01813685708171,24,0.741689947984961,0.840582892713066,-0.00530385632625041,1.45278917400114
