"N","ncomp","R.cal","R.val","SEC","SECV","Bias.val","RPD.val"
50,7,0.918921588725876,0.869730164808504,0.404864820668289,0.513765763899782,0.00899918019464955,2.01813685708171
