"N","ncomp","R.cal","R.val","SEC","SECV","Bias.val","RPD.val"
50,6,0.91986907378531,0.886799282053735,0.402591591619258,0.479899769626261,0.00771671549630067,2.16055453587813
