"N","ncomp","R.cal","R.val","SEC","SECV","Bias.val","RPD.val","N.test","R.test","SEP","Bias.test","RPD.test"
50,6,0.91986907378531,0.886799282053735,0.402591591619258,0.479899769626261,0.00771671549630067,2.16055453587813,24,0.744011008842535,0.8194627747331,0.0559430694678191,1.49023209355892
