"N","ncomp","R.cal","R.val","SEC","SECV","Bias.val","RPD.val"
50,8,0.919382374259504,0.874524175519895,0.403761184104482,0.504321130148963,0.00510846548547619,2.05593135414856
