"N","ncomp","R.cal","R.val","SEC","SECV","Bias.val","RPD.val","N.test","R.test","SEP","Bias.test","RPD.test"
50,6,0.919544269299137,0.883757574508689,0.403372577606275,0.486243950131019,0.0100632913500414,2.13236508907414,24,0.757606217566351,0.793913628311526,0.0598057424692703,1.53818965040479
