"N","ncomp","R.cal","R.val","SEC","SECV","Bias.val","RPD.val"
89,7,0.779089897177772,0.705778705734585,0.825997659500993,0.944290000372135,0.00208431277897419,1.40320252533813
