"N","ncomp","R.cal","R.val","SEC","SECV","Bias.val","RPD.val"
50,7,0.889173560507799,0.814737228109279,0.469663091297737,0.609015331944256,0.00152446112577593,1.70250167712985
