"N","ncomp","R.cal","R.val","SEC","SECV","Bias.val","RPD.val","N.test","R.test","SEP","Bias.test","RPD.test"
50,7,0.889173560507799,0.814737228109279,0.469663091297737,0.609015331944256,0.00152446112577593,1.70250167712985,24,0.784363645118377,0.801774598308993,0.246621585534011,1.52310852571245
