"N","ncomp","R.cal","R.val","SEC","SECV","Bias.val","RPD.val"
50,4,0.868409971714411,0.82244678538964,0.508951490706822,0.592410102035335,-0.00169420717087061,1.75022272657168
