"N","ncomp","R.cal","R.val","SEC","SECV","Bias.val","RPD.val","N.test","R.test","SEP","Bias.test","RPD.test"
50,4,0.868409971714411,0.82244678538964,0.508951490706822,0.592410102035335,-0.00169420717087061,1.75022272657168,24,0.634865105221387,1.10103270491216,0.593183974302471,1.10913120104051
