"N","ncomp","R.cal","R.val","SEC","SECV","Bias.val","RPD.val"
50,6,0.919939669067458,0.886863375389973,0.402421609601945,0.479765714766515,0.00766255564542433,2.16115823227903
