"N","ncomp","R.cal","R.val","SEC","SECV","Bias.val","RPD.val"
50,7,0.888787396587825,0.821172925273138,0.470432539704437,0.595213214494722,0.0194674537269111,1.74198018253522
