"N","ncomp","R.cal","R.val","SEC","SECV","Bias.val","RPD.val","N.test","R.test","SEP","Bias.test","RPD.test"
50,7,0.888787396587825,0.821172925273138,0.470432539704437,0.595213214494722,0.0194674537269111,1.74198018253522,24,0.602958990979137,0.986104099171382,0.249809904127468,1.23839838756402
