"N","ncomp","R.cal","R.val","SEC","SECV","Bias.val","RPD.val"
50,6,0.919420330863719,0.883625532648268,0.403670114273578,0.486502517606533,0.0100408237912773,2.13123177477872
