"N","ncomp","R.cal","R.val","SEC","SECV","Bias.val","RPD.val","N.test","R.test","SEP","Bias.test","RPD.test"
50,6,0.919420330863719,0.883625532648268,0.403670114273578,0.486502517606533,0.0100408237912773,2.13123177477872,24,0.756801192757387,0.795184429510026,0.0603701853043236,1.53573143671409
