"N","ncomp","R.cal","R.val","SEC","SECV","Bias.val","RPD.val","N.test","R.test","SEP","Bias.test","RPD.test"
50,7,0.888669829452162,0.821161441681985,0.470666481273768,0.595232798387572,0.019477295652101,1.74192286923976,24,0.603083812291833,0.985869034977946,0.249300130260391,1.23869366321199
