"N","ncomp","R.cal","R.val","SEC","SECV","Bias.val","RPD.val"
50,7,0.888669829452162,0.821161441681985,0.470666481273768,0.595232798387572,0.019477295652101,1.74192286923976
