"N","ncomp","R.cal","R.val","SEC","SECV","Bias.val","RPD.val"
50,3,0.868934126072086,0.812264435126225,0.508008083957095,0.605447703176889,-0.00282022501465036,1.71253374749356
