"N","ncomp","R.cal","R.val","SEC","SECV","Bias.val","RPD.val"
50,6,0.919938463519418,0.87583163365437,0.402424513078662,0.502171058009077,0.0144135658075511,2.06473393377869
