"N","ncomp","R.cal","R.val","SEC","SECV","Bias.val","RPD.val","N.test","R.test","SEP","Bias.test","RPD.test"
50,6,0.919938463519418,0.87583163365437,0.402424513078662,0.502171058009077,0.0144135658075511,2.06473393377869,24,0.72957640200108,0.85340318962765,0.165609565336553,1.4309645677759
