"N","ncomp","R.cal","R.val","SEC","SECV","Bias.val","RPD.val"
50,6,0.902961209827561,0.798980898499257,0.441079086933961,0.623566449933126,0.00765350614728547,1.66277326842085
