"N","ncomp","R.cal","R.val","SEC","SECV","Bias.val","RPD.val"
50,6,0.897958843716997,0.83176292824605,0.451710195764565,0.579581577610362,0.0184061762317114,1.78896235506287
