"N","ncomp","R.cal","R.val","SEC","SECV","Bias.val","RPD.val","N.test","R.test","SEP","Bias.test","RPD.test"
50,6,0.897958843716997,0.83176292824605,0.451710195764565,0.579581577610362,0.0184061762317114,1.78896235506287,24,0.814195969231645,0.798051491417556,0.316856986965857,1.53021420236299
