"N","ncomp","R.cal","R.val","SEC","SECV","Bias.val","RPD.val"
50,4,0.918535989143578,0.881713097598349,0.405785647282344,0.490176168951662,0.00817529785825336,2.11525914499351
