"N","ncomp","R.cal","R.val","SEC","SECV","Bias.val","RPD.val"
50,4,0.921498017552284,0.896189885152829,0.398647545911098,0.460255687476175,0.00726196499655135,2.25276873756517
