"N","ncomp","R.cal","R.val","SEC","SECV","Bias.val","RPD.val"
50,9,0.966421985054843,0.905035263937143,0.263751344366658,0.44622846032741,0.0254613469998864,2.32358470204282
