"N","ncomp","R.cal","R.val","SEC","SECV","Bias.val","RPD.val"
50,7,0.918973864225349,0.869756639803487,0.404739793716135,0.513719351451302,0.00896220856965737,2.01831918751688
