"N","ncomp","R.cal","R.val","SEC","SECV","Bias.val","RPD.val","N.test","R.test","SEP","Bias.test","RPD.test"
50,7,0.918973864225349,0.869756639803487,0.404739793716135,0.513719351451302,0.00896220856965737,2.01831918751688,24,0.741877646518217,0.840444949903105,-0.00604538789264608,1.45302762129143
