"N","ncomp","R.cal","R.val","SEC","SECV","Bias.val","RPD.val"
50,9,0.937260732684629,0.886260874206771,0.35784303738105,0.484415443287133,0.0325485532530386,2.14041405657314
