"N","ncomp","R.cal","R.val","SEC","SECV","Bias.val","RPD.val"
50,4,0.915417509187264,0.883959610985529,0.413143356977344,0.485276341650017,0.00668617174535637,2.13661688205824
