"N","ncomp","R.cal","R.val","SEC","SECV","Bias.val","RPD.val"
50,7,0.880285248082733,0.814550680627435,0.486983802786846,0.605203301801292,-0.00861884549503632,1.71322532601337
