"N","ncomp","R.cal","R.val","SEC","SECV","Bias.val","RPD.val","N.test","R.test","SEP","Bias.test","RPD.test"
50,7,0.880285248082733,0.814550680627435,0.486983802786846,0.605203301801292,-0.00861884549503632,1.71322532601337,24,0.613478081029321,1.06444017461878,0.488355057427573,1.14726008610251
