"N","ncomp","R.cal","R.val","SEC","SECV","Bias.val","RPD.val","N.test","R.test","SEP","Bias.test","RPD.test"
50,8,0.919328636110778,0.874508807534922,0.403890077280961,0.504344303094044,0.0050750405932742,2.05583689093352,24,0.725486021948977,0.863209005821388,0.0638591167676232,1.41470920501123
