"N","ncomp","R.cal","R.val","SEC","SECV","Bias.val","RPD.val","N.test","R.test","SEP","Bias.test","RPD.test"
50,7,0.880433445216402,0.814679266981513,0.486701465130956,0.60498754587672,-0.00883555434813573,1.71383631134147,24,0.613555205885716,1.06429941506461,0.48816418996083,1.14741181766972
