"N","ncomp","R.cal","R.val","SEC","SECV","Bias.val","RPD.val","N.test","R.test","SEP","Bias.test","RPD.test"
50,7,0.890306341424957,0.82727769604677,0.467396729088393,0.585624944334273,0.0154762000145981,1.77050112715325,24,0.596865671712456,1.00336638551049,0.292086913370436,1.21709252374724
