"N","ncomp","R.cal","R.val","SEC","SECV","Bias.val","RPD.val","N.test","R.test","SEP","Bias.test","RPD.test"
50,3,0.866763172234864,0.805752922723109,0.511900515179861,0.615172399861321,-0.00404808592244603,1.68546187095947,24,0.523370670597393,1.17495873788165,0.585296126624852,1.03934690386303
