"N","ncomp","R.cal","R.val","SEC","SECV","Bias.val","RPD.val"
50,3,0.866763172234864,0.805752922723109,0.511900515179861,0.615172399861321,-0.00404808592244603,1.68546187095947
