"N","ncomp","R.cal","R.val","SEC","SECV","Bias.val","RPD.val"
50,4,0.877209553097165,0.826316191406747,0.492796347432757,0.587499448879492,-0.00330960016644216,1.76485207945372
