"N","ncomp","R.cal","R.val","SEC","SECV","Bias.val","RPD.val","N.test","R.test","SEP","Bias.test","RPD.test"
50,5,0.938019636736348,0.866977500423653,0.355741848660966,0.516711393591685,-0.00097366062158823,2.00663201332895,24,0.880656407175518,0.628694325208979,0.0740981811166836,1.94242206016124
