"N","ncomp","R.cal","R.val","SEC","SECV","Bias.val","RPD.val"
50,7,0.898866457829015,0.822050865720129,0.449804331400861,0.59632514856392,-0.0106444336118937,1.73873200975985
