"N","ncomp","R.cal","R.val","SEC","SECV","Bias.val","RPD.val"
50,6,0.900112173908488,0.84088391296975,0.44717211457483,0.562344239859052,0.00642428947606589,1.84379878113941
