"N","ncomp","R.cal","R.val","SEC","SECV","Bias.val","RPD.val"
50,4,0.91545258881305,0.884027013016076,0.413061457262972,0.485146837293157,0.00679124646665748,2.13718722731023
