"N","ncomp","R.cal","R.val","SEC","SECV","Bias.val","RPD.val"
50,7,0.890789532490674,0.82665019047645,0.466425773237939,0.587034015785748,0.0189751974734026,1.76625135196818
