"N","ncomp","R.cal","R.val","SEC","SECV","Bias.val","RPD.val"
50,5,0.929636362058112,0.8889542116721,0.378216692314919,0.476676009269343,0.0208366879989059,2.17516636849878
