"N","ncomp","R.cal","R.val","SEC","SECV","Bias.val","RPD.val","N.test","R.test","SEP","Bias.test","RPD.test"
50,5,0.889882720221275,0.800759819093837,0.468245892837003,0.621115378468251,-0.0190375989392193,1.66933497378521,24,0.853006567123215,0.677438916456242,-0.262761941277982,1.80265658898412
