"N","ncomp","R.cal","R.val","SEC","SECV","Bias.val","RPD.val"
50,7,0.890866759905799,0.826656846808046,0.466270351100436,0.587023182783812,0.0189679789035578,1.76628394659967
