"N","ncomp","R.cal","R.val","SEC","SECV","Bias.val","RPD.val","N.test","R.test","SEP","Bias.test","RPD.test"
50,5,0.929636362058112,0.8889542116721,0.378216692314919,0.476676009269343,0.0208366879989059,2.17516636849878,24,0.845449896870178,0.68853825784197,0.251672105749062,1.77359749073578
