"N","ncomp","R.cal","R.val","SEC","SECV","Bias.val","RPD.val","N.test","R.test","SEP","Bias.test","RPD.test"
50,7,0.9570421286864,0.905071471854897,0.297611888756938,0.441774045170688,0.0447930180232268,2.34701344582677,24,0.862473337339307,0.622448811274881,-0.0307614093365846,1.96191189422131
