"N","ncomp","R.cal","R.val","SEC","SECV","Bias.val","RPD.val"
50,7,0.9570421286864,0.905071471854897,0.297611888756938,0.441774045170688,0.0447930180232268,2.34701344582677
