"N","ncomp","R.cal","R.val","SEC","SECV","Bias.val","RPD.val"
50,7,0.899448080381359,0.822391306256888,0.448577730028015,0.595800859488915,-0.0107415524887163,1.74026204816541
