"N","ncomp","R.cal","R.val","SEC","SECV","Bias.val","RPD.val"
50,3,0.924521779766142,0.900807717875489,0.391201987956785,0.450376901070925,0.00979152210844639,2.30218206477158
