"N","ncomp","R.cal","R.val","SEC","SECV","Bias.val","RPD.val"
50,6,0.955862915910289,0.852941191702548,0.30157812561362,0.54209171937229,0.0278820308237347,1.91268301466309
