"N","ncomp","R.cal","R.val","SEC","SECV","Bias.val","RPD.val","N.test","R.test","SEP","Bias.test","RPD.test"
50,6,0.955862915910289,0.852941191702548,0.30157812561362,0.54209171937229,0.0278820308237347,1.91268301466309,24,0.807464223465116,0.790944444753902,0.282759151338663,1.54396397178575
