"N","ncomp","R.cal","R.val","SEC","SECV","Bias.val","RPD.val","N.test","R.test","SEP","Bias.test","RPD.test"
50,6,0.921176373446154,0.878382035506554,0.399429960162381,0.497491113720253,0.00728322326930229,2.08415707424259,24,0.735765313957476,0.859221695364416,0.00197769386907979,1.42127431485092
