"N","ncomp","R.cal","R.val","SEC","SECV","Bias.val","RPD.val"
50,6,0.921176373446154,0.878382035506554,0.399429960162381,0.497491113720253,0.00728322326930229,2.08415707424259
