"N","ncomp","R.cal","R.val","SEC","SECV","Bias.val","RPD.val"
50,7,0.888792221851472,0.814620111309855,0.470422934982016,0.609180743089414,0.00142210115568062,1.70203939601667
