"N","ncomp","R.cal","R.val","SEC","SECV","Bias.val","RPD.val","N.test","R.test","SEP","Bias.test","RPD.test"
50,7,0.888792221851472,0.814620111309855,0.470422934982016,0.609180743089414,0.00142210115568062,1.70203939601667,24,0.783990563788812,0.80324704666336,0.249282442991567,1.52031648476873
