"N","ncomp","R.cal","R.val","SEC","SECV","Bias.val","RPD.val"
50,5,0.922525075001831,0.882990181888101,0.396136993416041,0.487837416399387,0.0118780022761317,2.12539995739899
