"N","ncomp","R.cal","R.val","SEC","SECV","Bias.val","RPD.val","N.test","R.test","SEP","Bias.test","RPD.test"
50,7,0.890375165968601,0.827283114040672,0.467258583909031,0.585616021708906,0.0154707290532445,1.77052810305159,24,0.596852980964893,1.00342238810663,0.292258637306904,1.21702459588168
