"N","ncomp","R.cal","R.val","SEC","SECV","Bias.val","RPD.val"
50,7,0.890375165968601,0.827283114040672,0.467258583909031,0.585616021708906,0.0154707290532445,1.77052810305159
